Country,Alpha-2 code,Alpha-3 code,URL
Afghanistan,AF,AFG,https://www.worldometers.info//img/flags/small/tn_af-flag.gif
Albania,AL,ALB,https://www.worldometers.info//img/flags/small/tn_al-flag.gif
Algeria,DZ,DZA,https://www.worldometers.info//img/flags/small/tn_ag-flag.gif
Andorra,AD,AND,https://www.worldometers.info//img/flags/small/tn_an-flag.gif
Angola,AO,AGO,https://www.worldometers.info//img/flags/small/tn_ao-flag.gif
Antigua and Barbuda,AG,ATG,https://www.worldometers.info//img/flags/small/tn_ac-flag.gif
Argentina,AR,ARG,https://www.worldometers.info//img/flags/small/tn_ar-flag.gif
Armenia,AM,ARM,https://www.worldometers.info//img/flags/small/tn_am-flag.gif
Australia,AU,AUS,https://www.worldometers.info//img/flags/small/tn_as-flag.gif
Austria,AT,AUT,https://www.worldometers.info//img/flags/small/tn_au-flag.gif
Azerbaijan,AZ,AZE,https://www.worldometers.info//img/flags/small/tn_aj-flag.gif
Bahamas,BS,BHS,https://www.worldometers.info//img/flags/small/tn_bf-flag.gif
Bahrain,BH,BHR,https://www.worldometers.info//img/flags/small/tn_ba-flag.gif
Bangladesh,BD,BGD,https://www.worldometers.info//img/flags/small/tn_bg-flag.gif
Barbados,BB,BRB,https://www.worldometers.info//img/flags/small/tn_bb-flag.gif
Belarus,BY,BLR,https://www.worldometers.info//img/flags/small/tn_bo-flag.gif
Belgium,BE,BEL,https://www.worldometers.info//img/flags/small/tn_be-flag.gif
Belize,BZ,BLZ,https://www.worldometers.info//img/flags/small/tn_bh-flag.gif
Benin,BJ,BEN,https://www.worldometers.info//img/flags/small/tn_bn-flag.gif
Bhutan,BT,BTN,https://www.worldometers.info//img/flags/small/tn_bt-flag.gif
Bolivia (Plurinational State of),BO,BOL,https://www.worldometers.info//img/flags/small/tn_bl-flag.gif
Bosnia and Herzegovina,BA,BIH,https://www.worldometers.info//img/flags/small/tn_bk-flag.gif
Botswana,BW,BWA,https://www.worldometers.info//img/flags/small/tn_bc-flag.gif
Brazil,BR,BRA,https://www.worldometers.info//img/flags/small/tn_br-flag.gif
Brunei Darussalam,BN,BRN,https://www.worldometers.info//img/flags/small/tn_bx-flag.gif
Bulgaria,BG,BGR,https://www.worldometers.info//img/flags/small/tn_bu-flag.gif
Burkina Faso,BF,BFA,https://www.worldometers.info//img/flags/small/tn_uv-flag.gif
Burundi,BI,BDI,https://www.worldometers.info//img/flags/small/tn_by-flag.gif
Cabo Verde,CV,CPV,https://www.worldometers.info//img/flags/small/tn_cv-flag.gif
Cambodia,KH,KHM,https://www.worldometers.info//img/flags/small/tn_cb-flag.gif
Cameroon,CM,CMR,https://www.worldometers.info//img/flags/small/tn_cm-flag.gif
Canada,CA,CAN,https://www.worldometers.info//img/flags/small/tn_ca-flag.gif
Central African Republic (the),CF,CAF,https://www.worldometers.info//img/flags/small/tn_ct-flag.gif
Chad,TD,TCD,https://www.worldometers.info//img/flags/small/tn_cd-flag.gif
Chile,CL,CHL,https://www.worldometers.info//img/flags/small/tn_ci-flag.gif
China,CN,CHN,https://www.worldometers.info//img/flags/small/tn_ch-flag.gif
Colombia,CO,COL,https://www.worldometers.info//img/flags/small/tn_co-flag.gif
Comoros (the),KM,COM,https://www.worldometers.info//img/flags/small/tn_cn-flag.gif
Congo (the Democratic Republic of the),CD,COD,https://www.worldometers.info//img/flags/small/tn_congo-flag.gif
Congo (the),CG,COG,https://www.worldometers.info//img/flags/small/tn_cg-flag.gif
Costa Rica,CR,CRI,https://www.worldometers.info//img/flags/small/tn_cs-flag.gif
Côte d'Ivoire,CI,CIV,https://www.worldometers.info//img/flags/small/tn_iv-flag.gif
Croatia,HR,HRV,https://www.worldometers.info//img/flags/small/tn_hr-flag.gif
Cuba,CU,CUB,https://www.worldometers.info//img/flags/small/tn_cu-flag.gif
Cyprus,CY,CYP,https://www.worldometers.info//img/flags/small/tn_cy-flag.gif
Czech Republic,CZ,CZE,https://www.worldometers.info//img/flags/small/tn_ez-flag.gif
Denmark,DK,DNK,https://www.worldometers.info//img/flags/small/tn_da-flag.gif
Djibouti,DJ,DJI,https://www.worldometers.info//img/flags/small/tn_dj-flag.gif
Dominica,DM,DMA,https://www.worldometers.info//img/flags/small/tn_do-flag.gif
Dominican Republic,DO,DOM,https://www.worldometers.info//img/flags/small/tn_dr-flag.gif
Ecuador,EC,ECU,https://www.worldometers.info//img/flags/small/tn_ec-flag.gif
Egypt,EG,EGY,https://www.worldometers.info//img/flags/small/tn_eg-flag.gif
El Salvador,SV,SLV,https://www.worldometers.info//img/flags/small/tn_es-flag.gif
Equatorial Guinea,GQ,GNQ,https://www.worldometers.info//img/flags/small/tn_ek-flag.gif
Eritrea,ER,ERI,https://www.worldometers.info//img/flags/small/tn_er-flag.gif
Estonia,EE,EST,https://www.worldometers.info//img/flags/small/tn_en-flag.gif
Eswatini,SZ,SWZ,https://www.worldometers.info//img/flags/small/tn_wz-flag.gif
Ethiopia,ET,ETH,https://www.worldometers.info//img/flags/small/tn_et-flag.gif
Fiji,FJ,FJI,https://www.worldometers.info//img/flags/small/tn_fj-flag.gif
Finland,FI,FIN,https://www.worldometers.info//img/flags/small/tn_fi-flag.gif
France,FR,FRA,https://www.worldometers.info//img/flags/small/tn_fr-flag.gif
Gabon,GA,GAB,https://www.worldometers.info//img/flags/small/tn_gb-flag.gif
Gambia (the),GM,GMB,https://www.worldometers.info//img/flags/small/tn_ga-flag.gif
Georgia,GE,GEO,https://www.worldometers.info//img/flags/small/tn_gg-flag.gif
Germany,DE,DEU,https://www.worldometers.info//img/flags/small/tn_gm-flag.gif
Ghana,GH,GHA,https://www.worldometers.info//img/flags/small/tn_gh-flag.gif
Greece,GR,GRC,https://www.worldometers.info//img/flags/small/tn_gr-flag.gif
Grenada,GD,GRD,https://www.worldometers.info//img/flags/small/tn_gj-flag.gif
Guatemala,GT,GTM,https://www.worldometers.info//img/flags/small/tn_gt-flag.gif
Guinea,GN,GIN,https://www.worldometers.info//img/flags/small/tn_gv-flag.gif
Guinea-Bissau,GW,GNB,https://www.worldometers.info//img/flags/small/tn_pu-flag.gif
Guyana,GY,GUY,https://www.worldometers.info//img/flags/small/tn_gy-flag.gif
Haiti,HT,HTI,https://www.worldometers.info//img/flags/small/tn_ha-flag.gif
Holy See (the),VA,VAT,https://www.worldometers.info//img/flags/small/tn_vt-flag.gif
Honduras,HN,HND,https://www.worldometers.info//img/flags/small/tn_ho-flag.gif
Hungary,HU,HUN,https://www.worldometers.info//img/flags/small/tn_hu-flag.gif
Iceland,IS,ISL,https://www.worldometers.info//img/flags/small/tn_ic-flag.gif
India,IN,IND,https://www.worldometers.info//img/flags/small/tn_in-flag.gif
Indonesia,ID,IDN,https://www.worldometers.info//img/flags/small/tn_id-flag.gif
Iran,IR,IRN,https://www.worldometers.info//img/flags/small/tn_ir-flag.gif
Iraq,IQ,IRQ,https://www.worldometers.info//img/flags/small/tn_iz-flag.gif
Ireland,IE,IRL,https://www.worldometers.info//img/flags/small/tn_ei-flag.gif
Israel,IL,ISR,https://www.worldometers.info//img/flags/small/tn_is-flag.gif
Italy,IT,ITA,https://www.worldometers.info//img/flags/small/tn_it-flag.gif
Jamaica,JM,JAM,https://www.worldometers.info//img/flags/small/tn_jm-flag.gif
Japan,JP,JPN,https://www.worldometers.info//img/flags/small/tn_ja-flag.gif
Jordan,JO,JOR,https://www.worldometers.info//img/flags/small/tn_jo-flag.gif
Kazakhstan,KZ,KAZ,https://www.worldometers.info//img/flags/small/tn_kz-flag.gif
Kenya,KE,KEN,https://www.worldometers.info//img/flags/small/tn_ke-flag.gif
Kiribati,KI,KIR,https://www.worldometers.info//img/flags/small/tn_kr-flag.gif
Korea (the Democratic People's Republic of),KP,PRK,https://www.worldometers.info//img/flags/small/tn_kn-flag.gif
South Korea,KR,KOR,https://www.worldometers.info//img/flags/small/tn_ks-flag.gif
Kuwait,KW,KWT,https://www.worldometers.info//img/flags/small/tn_ku-flag.gif
Kyrgyzstan,KG,KGZ,https://www.worldometers.info//img/flags/small/tn_kg-flag.gif
Lao People's Democratic Republic (the),LA,LAO,https://www.worldometers.info//img/flags/small/tn_la-flag.gif
Latvia,LV,LVA,https://www.worldometers.info//img/flags/small/tn_lg-flag.gif
Lebanon,LB,LBN,https://www.worldometers.info//img/flags/small/tn_le-flag.gif
Lesotho,LS,LSO,https://www.worldometers.info//img/flags/small/tn_lt-flag.gif
Liberia,LR,LBR,https://www.worldometers.info//img/flags/small/tn_li-flag.gif
Libya,LY,LBY,https://www.worldometers.info//img/flags/small/tn_ly-flag.gif
Liechtenstein,LI,LIE,https://www.worldometers.info//img/flags/small/tn_ls-flag.gif
Lithuania,LT,LTU,https://www.worldometers.info//img/flags/small/tn_lh-flag.gif
Luxembourg,LU,LUX,https://www.worldometers.info//img/flags/small/tn_lu-flag.gif
Madagascar,MG,MDG,https://www.worldometers.info//img/flags/small/tn_ma-flag.gif
Malawi,MW,MWI,https://www.worldometers.info//img/flags/small/tn_mi-flag.gif
Malaysia,MY,MYS,https://www.worldometers.info//img/flags/small/tn_my-flag.gif
Maldives,MV,MDV,https://www.worldometers.info//img/flags/small/tn_mv-flag.gif
Mali,ML,MLI,https://www.worldometers.info//img/flags/small/tn_ml-flag.gif
Malta,MT,MLT,https://www.worldometers.info//img/flags/small/tn_mt-flag.gif
Marshall Islands (the),MH,MHL,https://www.worldometers.info//img/flags/small/tn_rm-flag.gif
Mauritania,MR,MRT,https://www.worldometers.info//img/flags/small/tn_mr-flag.gif
Mauritius,MU,MUS,https://www.worldometers.info//img/flags/small/tn_mp-flag.gif
Mexico,MX,MEX,https://www.worldometers.info//img/flags/small/tn_mx-flag.gif
Micronesia (Federated States of),FM,FSM,https://www.worldometers.info//img/flags/small/tn_fm-flag.gif
Moldova,MD,MDA,https://www.worldometers.info//img/flags/small/tn_md-flag.gif
Monaco,MC,MCO,https://www.worldometers.info//img/flags/small/tn_mn-flag.gif
Mongolia,MN,MNG,https://www.worldometers.info//img/flags/small/tn_mg-flag.gif
Montenegro,ME,MNE,https://www.worldometers.info//img/flags/small/tn_mj-flag.gif
Morocco,MA,MAR,https://www.worldometers.info//img/flags/small/tn_mo-flag.gif
Mozambique,MZ,MOZ,https://www.worldometers.info//img/flags/small/tn_mz-flag.gif
Myanmar,MM,MMR,https://www.worldometers.info//img/flags/small/tn_bm-flag.gif
Namibia,NA,NAM,https://www.worldometers.info//img/flags/small/tn_wa-flag.gif
Nauru,NR,NRU,https://www.worldometers.info//img/flags/small/tn_nr-flag.gif
Nepal,NP,NPL,https://www.worldometers.info//img/flags/small/tn_np-flag.gif
Netherlands,NL,NLD,https://www.worldometers.info//img/flags/small/tn_nl-flag.gif
New Zealand,NZ,NZL,https://www.worldometers.info//img/flags/small/tn_nz-flag.gif
Nicaragua,NI,NIC,https://www.worldometers.info//img/flags/small/tn_nu-flag.gif
Niger (the),NE,NER,https://www.worldometers.info//img/flags/small/tn_ng-flag.gif
Nigeria,NG,NGA,https://www.worldometers.info//img/flags/small/tn_ni-flag.gif
Norway,NO,NOR,https://www.worldometers.info//img/flags/small/tn_no-flag.gif
Oman,OM,OMN,https://www.worldometers.info//img/flags/small/tn_mu-flag.gif
Pakistan,PK,PAK,https://www.worldometers.info//img/flags/small/tn_pk-flag.gif
Palau,PW,PLW,https://www.worldometers.info//img/flags/small/tn_ps-flag.gif
"Palestine, State of",PS,PSE,https://www.worldometers.info//img/flags/small/tn_palestine-flag.gif
Panama,PA,PAN,https://www.worldometers.info//img/flags/small/tn_pm-flag.gif
Papua New Guinea,PG,PNG,https://www.worldometers.info//img/flags/small/tn_pp-flag.gif
Paraguay,PY,PRY,https://www.worldometers.info//img/flags/small/tn_pa-flag.gif
Peru,PE,PER,https://www.worldometers.info//img/flags/small/tn_pe-flag.gif
Philippines,PH,PHL,https://www.worldometers.info//img/flags/small/tn_rp-flag.gif
Poland,PL,POL,https://www.worldometers.info//img/flags/small/tn_pl-flag.gif
Portugal,PT,PRT,https://www.worldometers.info//img/flags/small/tn_po-flag.gif
Qatar,QA,QAT,https://www.worldometers.info//img/flags/small/tn_qa-flag.gif
North Macedonia,MK,MKD,https://www.worldometers.info//img/flags/small/tn_mk-flag.gif
Romania,RO,ROU,https://www.worldometers.info//img/flags/small/tn_ro-flag.gif
Russian Federation (the),RU,RUS,https://www.worldometers.info//img/flags/small/tn_rs-flag.gif
Rwanda,RW,RWA,https://www.worldometers.info//img/flags/small/tn_rw-flag.gif
Saint Kitts and Nevis,KN,KNA,https://www.worldometers.info//img/flags/small/tn_sc-flag.gif
Saint Lucia,LC,LCA,https://www.worldometers.info//img/flags/small/tn_st-flag.gif
Saint Vincent and the Grenadines,VC,VCT,https://www.worldometers.info//img/flags/small/tn_vc-flag.gif
Samoa,WS,WSM,https://www.worldometers.info//img/flags/small/tn_ws-flag.gif
San Marino,SM,SMR,https://www.worldometers.info//img/flags/small/tn_sm-flag.gif
Sao Tome and Principe,ST,STP,https://www.worldometers.info//img/flags/small/tn_tp-flag.gif
Saudi Arabia,SA,SAU,https://www.worldometers.info//img/flags/small/tn_sa-flag.gif
Senegal,SN,SEN,https://www.worldometers.info//img/flags/small/tn_sg-flag.gif
Serbia,RS,SRB,https://www.worldometers.info//img/flags/small/tn_ri-flag.gif
Seychelles,SC,SYC,https://www.worldometers.info//img/flags/small/tn_se-flag.gif
Sierra Leone,SL,SLE,https://www.worldometers.info//img/flags/small/tn_sl-flag.gif
Singapore,SG,SGP,https://www.worldometers.info//img/flags/small/tn_sn-flag.gif
Slovakia,SK,SVK,https://www.worldometers.info//img/flags/small/tn_lo-flag.gif
Slovenia,SI,SVN,https://www.worldometers.info//img/flags/small/tn_si-flag.gif
Solomon Islands,SB,SLB,https://www.worldometers.info//img/flags/small/tn_bp-flag.gif
Somalia,SO,SOM,https://www.worldometers.info//img/flags/small/tn_so-flag.gif
South Africa,ZA,ZAF,https://www.worldometers.info//img/flags/small/tn_sf-flag.gif
South Sudan,SS,SSD,https://www.worldometers.info//img/flags/small/tn_od-flag.gif
Spain,ES,ESP,https://www.worldometers.info//img/flags/small/tn_sp-flag.gif
Sri Lanka,LK,LKA,https://www.worldometers.info//img/flags/small/tn_ce-flag.gif
Sudan (the),SD,SDN,https://www.worldometers.info//img/flags/small/tn_su-flag.gif
Suriname,SR,SUR,https://www.worldometers.info//img/flags/small/tn_ns-flag.gif
Sweden,SE,SWE,https://www.worldometers.info//img/flags/small/tn_sw-flag.gif
Switzerland,CH,CHE,https://www.worldometers.info//img/flags/small/tn_sz-flag.gif
Syria,SY,SYR,https://www.worldometers.info//img/flags/small/tn_sy-flag.gif
Tajikistan,TJ,TJK,https://www.worldometers.info//img/flags/small/tn_ti-flag.gif
"Tanzania, United Republic of",TZ,TZA,https://www.worldometers.info//img/flags/small/tn_tz-flag.gif
Thailand,TH,THA,https://www.worldometers.info//img/flags/small/tn_th-flag.gif
Timor-Leste,TL,TLS,https://www.worldometers.info//img/flags/small/tn_tt-flag.gif
Togo,TG,TGO,https://www.worldometers.info//img/flags/small/tn_to-flag.gif
Tonga,TO,TON,https://www.worldometers.info//img/flags/small/tn_tn-flag.gif
Trinidad and Tobago,TT,TTO,https://www.worldometers.info//img/flags/small/tn_td-flag.gif
Tunisia,TN,TUN,https://www.worldometers.info//img/flags/small/tn_ts-flag.gif
Turkey,TR,TUR,https://www.worldometers.info//img/flags/small/tn_tu-flag.gif
Turkmenistan,TM,TKM,https://www.worldometers.info//img/flags/small/tn_tx-flag.gif
Tuvalu,TV,TUV,https://www.worldometers.info//img/flags/small/tn_tv-flag.gif
Uganda,UG,UGA,https://www.worldometers.info//img/flags/small/tn_ug-flag.gif
Ukraine,UA,UKR,https://www.worldometers.info//img/flags/small/tn_up-flag.gif
United Arab Emirates (the),AE,ARE,https://www.worldometers.info//img/flags/small/tn_ae-flag.gif
Great Britain,GB,GBR,https://www.worldometers.info//img/flags/small/tn_uk-flag.gif
United States,US,USA,https://www.worldometers.info//img/flags/small/tn_us-flag.gif
Uruguay,UY,URY,https://www.worldometers.info//img/flags/small/tn_uy-flag.gif
Uzbekistan,UZ,UZB,https://www.worldometers.info//img/flags/small/tn_uz-flag.gif
Vanuatu,VU,VUT,https://www.worldometers.info//img/flags/small/tn_nh-flag.gif
Venezuela,VE,VEN,https://www.worldometers.info//img/flags/small/tn_ve-flag.gif
Viet Nam,VN,VNM,https://www.worldometers.info//img/flags/small/tn_vm-flag.gif
Yemen,YE,YEM,https://www.worldometers.info//img/flags/small/tn_ym-flag.gif
Zambia,ZM,ZMB,https://www.worldometers.info//img/flags/small/tn_za-flag.gif
Zimbabwe,ZW,ZWE,https://www.worldometers.info//img/flags/small/tn_zi-flag.gif
ROC,,,https://upload.wikimedia.org/wikipedia/commons/0/02/Russian_Olympic_Committee_flag.png
Chinese Taipei,,,"data:image/png;base64,iVBORw0KGgoAAAANSUhEUgAAARMAAAC3CAMAAAAGjUrGAAABrVBMVEX///8AMoPkHyDiAAAAAAAAL4IALoHkHB0AKH8ALIEAK4AAJX4AG3sAI30AKX8AIX3kFxgAFnr2qQAAHXsAd8oAE3njERLkACsAkyt3h7H4+vzjCQsAD3jl6fH63Nzu8fb86enK0eFCW5jX3elneqn+9vbtfX3mNDX0tbVPZp750tLyo6PkADGkr8ohRIxyg6/2w8Pe4uzxmpqos83lJyjvkJDuhobmNzi/x9qAj7b97e0AAHTqYWI2U5REXZmUocHoSkvrbm70sLHoUVH3ysrpWlsNOojoTU5dcaS1vtSZxefxjZ/B2/AAf805ldTd3d3sY32lpaZ6env+9+nL59UAnEP5yGn847ZoaGkAhc8wp13mAEH4uC9ft369vb2UlJU3NznzoK7oKlTqTGt9teHI3/JDQ0X2usXwhZjoNluiyunExMVNTU+qqqtmqNzzp7QFGzAXFRr/4qVQlLvMkgmg0rJQjE//qwD6uDB4wZEXGx0sHQDry5DFN0T+8Ni84Mn836tquoe7vKm1qHZ9cVpbk28DWy5+kpbc1rz+0oCNupwyhzb5v04jpFWq17p3TvtcAAAWi0lEQVR4nO1diXvaVrYXCJBkxCIE2Ijd4AUveMEL2MYYLwSyOGkTJ82eNOmk6ZL32pm8tjOddDp9r+9lJu3f/O45VxJiM6KNbdnl932JBVqQjs5+zr2XYYYYYoghhhhiiCGGGGKIIYYYYoghhhhiiCGG+IMgXpyvROq57VxuoTKfjp/17Zw5luZzvCj6PLx3RBBGeLdPFJ31+aWzvq2zQ7xSC/kEWxucXl+oVsqc9c2dCYo5yeNsJ4hGF3dovHHWN3jqaOSlkR4EoRDE/B+LKpmy5DqWIgCXmP/jSJASibVoEYH3yLIoSaLsc48YxUmIRZSzvtnTQbrmMWoOURqPVBrFdCaTLhZKOSHkMwiVp/aHYJX5mKtJEClfSbexQrxQl3z6Ia7Y/Nnc5mkiK+kU8blK3T2R5Hxe0qUrtHDKd3jaULZ92rP6nJVjlEV6W9fCcu707u8MoOR5XX2W+qjPdF7WlEr5dO7ubFDWSCKPN+OaiZnlyR0uykb9U9XlxVTz6IqoChB/gYmy7VY1iVTRvkrN7rBsNOznOLud48JRlrVP7ms7lzS28lxY8YmowiC4NQM7vceyfjuC44AssBFmV5Yn1ANy6ily6axu+mRRCNHn8+aT9IvFKSQIIQJBeGoqin+BYdjosnrSgqhanwvp6MdjGkmock3ssBwSZGpyOrFBj9lITE+uAFk41j9Nvyqptjt2ERMreaowBZUks8AjhCHWZtoPnJlkWaDKFhWgEuWUkfHTvd3TQEVWXVf6vrdYIjUstzvR7diJZTZqt0ftCfyUpaGAeOEc2qSqLEVUrxtT5Jn97HLPwycmkVUW8UOZBkBy8nRu9dRQ5w0vOxUmchNdTxx3wsxKmDASKpU49X35C+bkL1EF60U/I2UnJGGr/c45YDWiFMSLqGbrXnyqTWD/iRUgyWz/kyZZIj6ogseFi8coS9Q18aH7uhc2RxKGWQWigJmO0/Oli6RRSujUO22wvQwi0Vu7toBwin8HNhZQHXkqfY4/R0jWMKMog4JNEJJE++oSDQdhSr84ahRn7SIwipKuZPM8rVlQNtnx2/0rps+fsHN2NkU2sqiQnB4+n+3IzJ0nJOe3Y6KH13JDbojjpkFyjjXCrZhh7eEt8jejxj02F+8RY7n5c8kwSmFbai3yiZBoXOHs0dVBrlMNUxrmWxL6PjF37oJCpcTLbVVPV55BNuH8Xf35XpggahYYpeJpvdyIaDtfGrciGsuerhGv2+0Jgeis+02a4SbWonawx0ubHo+HH3E1r+v0uc9PCFSs+Zqv0yd5y7lsqVKpLKHR4dgBr7bB2jGbApeI5MpOSeY1ujjlfPokHuC9Q6lL2j2PyHJ9PmOwEqtRe3ht0Atu+bkpw+WXGgv5kJbXdYUWzoERSgtq0tXGx3KNthte5wYyOhSLLDXHBmQisqwS/hxUCisx9V7dvkhHyEbEgDPvm2iYIAplt+PbQk2liuUrhQtqplCIRZoeRGJ3cmtnfWVlivhr4cnBL7pHhAdOX9+bnN1vGq2CS+XIkKUT2FqaXSxrDD2xW7WzbNjv52hinp0e/KrLUczqc5wfstk7yyn1e2VBZUox+57u/wSwTX0Ip6Rxc6KKiXjyMJiTj4b9g6sTcGr00wlV/VH2kkbYtJMqW7n+vh7hfaNOTbDXpjJJ4oAN4zNwlyZnd3d3Z2fX9tiuDluyUcnW69lKo2vWKLE+ubw7Tc6f3LNjPcjPrqhUUVTOlCMn80i/F2qCndfKN2tw+2F2bzZhoEMXkiTny5Ls8XrybrccyleOj2QSs3uQv+bYHZXhVA0mWdKpVUta7jK1vzMrLFBkLdXnNCXiw7DIVW4Am7k8cr/iemqNxQy3GjaV6O/GLOi9qRlXrdy9zHLktic3+p1WFJ1OVJSeikLfOM/LxT4nTSALsjuU6SoSVWLWC5VpSUvI009VSAns9denlZArn8ZsAomaywLakIo71lcQUpDADq/QH6B16BHLNR+UUL9qFa09iGtM5BehGiwl47xARIdh5sk1pBKTE2xS/2z0LDIiJUoOrY9oMZWSoZIToly/F9US7scDtbLcYJI1L6Sv4zEb+KTwgGJ/N2yGyA9HiaJQ8bNYUQzZ3uajT0IExx9O9T+pgdoR0m9KOQTPUwZNsoTmK1Toe/oGR4gSRo2VxlfCW8pLKVI1V8MPs5A3SvU/KUmzTiNQB8v4FrLZbB4IUaBejtS/wJUijjFN6zML6ObHrBQO5l1Nc4g5EjPeaj0/HhM9Iy4no5Q2ndlIKWvbJJH/Am8TeJ9opjUpQXQKi7kHKj3C9u96iveKomhg3RVyn4smTsrEfGkmXckJYmWzrDoX6fJmIR/ylkuFpfqmiZe+COYNFVcBbY9kHUbZRiGQsNl1jbVHTcW+Wa96RmnTYDAqm9tx8NkiPq+ZwG6SaHOacMISkqlzTgVLqE28yCYpIjmcmZMUomBdTqJZk5stNnR+ExQJdCd5zGTQoP6DCd552VKmh1Y+ReR/KD2YkRwqbyN5ham3KQ74XAGLJPZzZwGLoNBxyw2M4rNKfgnZlhodwib+S6ZOooTkc+nNNgMT30xTI22ujeCSVgkogV8jWKTDK0PdDJQAKDzs9zsBgTrIK8udneO5WgwrIeaeb1/LZ2ZQgmPWEB5ajQqhyifKZKrf8RQ1gRfFbIOxdXB7xZYpCRLvVN2dfpjiVNODJQ7ZGuVBfONOATZniNExWdKy5UuogIQOrVHkyX/pBcHrNFWmmI2qSV7sx+CtkVxCv5paQRCdlLmznOV5VCSdNEnz+CeZ85miSUqrozXkpi99xqCWmCr8Kc50raImeKRyJc44OwKbxgi5aGVc9trMlbO0olHcOgqFOrFoiSdY87UKiBpdHnHc3WFdSnwlL/oEWnQ3gdWoannQ/olWyLdVMGbDuJaoE9O1CtqNRdz4DglxZ/lmcGgCxEUJY+NTTrCKh0IdDTc8GYmIzaRNEJBAQp/N3ZYKmheZNBVHkzkiEnT612EDe5ncViiA4Z1Q1bZK2yJMAYYkoG/faHXa4jFiTRuxQQI6omTt8BffjiVCnm2adYdNcOxNn5d3OX1IjZzboBbjToz3K5JpdcIwYc4ehXQ1OkpmJe5EUW7SZMtvj5o+ryA6l5h4o5Sr5Td1R6uxWRuvFJPwzuX+mTYVkJ0A9kRxtIR3X3bpNDnwq/GYKdTGc0JIdrvHmflYfj4Tj2fm85sVxeYRpfxCo+w2faF1tTeS0sQK6XvkEycyOuGTAbqQGjHBqeVjS7FNAmkhSfvIXbwvZppNkE9SjCo7luAT6tqjjh1InzBMHS0WVrjq44yiKG6ggxYwm79OWJUdPFOwgj6hwwtEsMVrYfN2h0CpYZErziTLHomcn5ag2IUuulAboCVL66VEC8hbwe5g3oKmEUk4Zto/AcTdAkhd3ObFeDbC26QI1jIEYYBhKQktW4CjNyzhn9BUAUoAdJ51dlkdgyXByy9kYMYGyFxCpkzOMl4bbxskaCG/6j+ADczdW2KcAvI6TSmlBoh3KJLboRwmkJxeJo2Bk69elnID9TISTxFbs+mAFlMZy5MGzW9RV8lsgtqAgsfnpEFkBIXQKQ3aCbyuFk/oy5EsMWkXLRVLsAnGeNDmLKXiFXkX8cnzTqfglrzHzXbRDRtQ4wEVS6PK0IA/fzKgtWKM0afZAUcYUBQjed4XEn0j5dLgkf6sNu4Jc4+WMMVEybr1LPvEb2qARSTj8d+WDZpSKzw0mLaEitVuhmYLTJd33hv2QXTAKaKjnkIWqY4KtPsDArkZLZdxaoA+ZMgo0UHd1kjHMuhr6cEXucXf0hb8m6GPG6NukiU8NkBGbcdU3TYuOtCgpd8HP0fZRKHMap3GAtp+Iqj5AjU7eiqoRu1qTOxr3oIlQJs/6GQE6C70rHspVy8/v/xZl2Dm+qPHjx8/ut65I/Hi6ZWnL3pElrvwY2D8k7RfWbRGFRChjkgTwZrOwn12rxlfPQxS3L3cuuPREwfFky9bdzz9eJTi2Ysu1yMa3e7HWmzOaykNC1AnN6FTNGxFuzdvJQlFDp9/dvXqZbJx95PmjuuEIn96/OWjLx+TjScGXpn5eG702dMXL158+pJQpYNXEjgfCPxSg2o00Xwe6hRgczalB+Zo6EKU+LXgoUaI5PNg8DNtx+cOxxcaIa5/4XA80na8mBu9oV1m5tnc/bZLAkmokVuir8RlJTbRGh+JywS++YZhPhcdyWvB54aPV68Fr9Kt6w7HB4YdHzgcn9Ot/dE5o8BcmZtLGS+4jySBxmSam7Jey70654vTA/qTvsHWwZCHLSRhmE+C11DVKg5Hqw750uHAKHBjbq5VK12Z+9jwabX5G9v0tzurrGeMpFsdnQdlLCYRhTECxolwPgu+ajtD/eZDx4dtO9Rvbsw9bdth+CaxjvMxYbyZU0dSmWvNOE001NnXBJx7IkUnTGqOy7gb7IjwDoOEUZIqVxjhcJBjUy1cgdiYu083UpN0ZBM6zDl1MLPVJAewoN6bwKMvWQXeDmuDbD7pYBOiUkCaPnA87tjxGBTMldH/6NhxY5RKEwzKsEenUmQzWVYHSlptBALFuDoQ2imh57S4wjWnsHiuaVQDktcOGeYjR6efdt3xEcM8G0117HgxegX/ghKnSc60V52U2GepXnsdSp5OmkSiDhwcPhFtZmdfdYoOyBPD/Gen6BDh+Yph7s91fp8avUE3oFiPgZ825J23QqWrG5pE8YwwGLLqjVyH1zpocvPrPwcDgcBfvr/ZfpnXf3WMjR391+tOao0+o38nWA6DqqzKmhaeTDWpzW2KnXZ7fpykA3HYwSdvA9/8OfjuW0KVwG0jVZTvxsb+6rh37+hobOy79h/QaMJMhjEHm9aGZVrO5DShlCmnSGkMBpt+26tgazr9DSHG1yA7T/72PaHKHX3HraOxo9cgOy///pps3mo5K6HJjt4RRbvsyxYmCWPsqZ4m/K0nUi43XXnAG8IcTDJ4CM7I54RldKLcAubQdSxhmRaiaDqWgbwJCg+UiC0V+XVBEg0y9gpNhpuiw8Th+ZsgTAJ0ItHxI3j+O4HAG/yekOQHoBMJeZ7C878eOzKywLNRvfI6Geag1QWFx2eFVsfeoE2QPohPd/zGNMph0BAIvwu8ZTQ3zgHG+E7gW9xxb+xXzY0jDtoEEOVh87SZ0Zf6Nihw4hAqUFyyRKtjb2BbDJ1NqrXf75PgXX37TeABAyoGA6DHjj+R/28H/kH+/xUp8AWNCT+dA+VxzyA9L0ebMWGCpUkamHrKEq2OvUFrcVDWSLGtfRevmp7sbVAfl4N3qVg8AemhZEICfOh4Qg+7D+HNrSaj3Ji7YbieWq4Ha2zxeSBzeoMOWIaWXYfBQ1XuAwFwbK+pGUgiKoQoDwI3GWXsHqN8gdEOIDE3+inD/DJGP208m3tpvNwUh7MsQcHNEm19vYHZahyquMi2VwQPg9eew+O+Cdz+7G7wrp6Uvf6V46svv//mDvPD2HcfOBxPdI2ZuD/38YsfUXg2rtyfe9ZSDtjzRyFRAJMcuKzrsQEwMYutQoQm7cWvy8HgtcPnz//5zU/B4CuDPVE+cjgcf/vvx/9z9LOjJXOwcWN07v7f1658+nJutGmGKbb8GDgUZW3SRMsCUxk8FJ660IRRLh9eCwb/95ufXrVl7q9/CAnqn49+/rDNrM7cuH+f0GPu5dP2mlE1jA4KGmP+vT7D+4aoF+MITbqNbkrGr/4fWuI23PnLT5//CyxxO17/+58vEl1KGSqfIE3k33nXJwtR55MZtlev7M3Au84v3xJbdKszwGGYh62urI5LfuzqOAc0abZdJNrtThNgd9pB7c4vnTuOjrpfZIXDEWVF68sO1jS0Pq5eQ77eooPWgjfIOw/Bs2/Fr2M/dr3GBNts2LK4jqWN5thUvd5RztBws5NRHmAUeKuTUX7pITrg/mjtBBa3xTk6Ggk2q+GebVxvSVTc9gVVMQ/bNUrHFxpmVdGEPg+L+2zUt5fB1O6y6jwcXfBtK1HeBgI0raQctdLgO+LZdseBmrCCPmGLjBXtBTUGhE6URG+Fwtx8EHjwRv9wW0sVIFEe6sJy697YLz2yRaBOMOqG+qPFY0CaK6DD2YhC6T3W+F0g8O7OTYI7hCIPmslH5d7Y2MMfFEW59cPDMWOioBVarhfbgSyeK6BdZbQ1Zjl6XGvbnQcBDV+37Pj1aEzFL11cOBU7fiqY2LFl8ZyS2rIkgkLZYI+fu+DN17ffPXj39k3HjluvH9679+Pr7gYHoQ9QxcE+1jY72ugbKuFb4d5a9vfhwE9HReJSAJbp6+sFWl2gwpNgT6hZdlHTsCg6FlcnBHRhWdq6Ww1z4ZP4DTtH2QSrBBb3YgG0WVafSOgkeiAnoyr/Nc6F6Ogz+sWwxjXLDjydfX/sqstFqAo9ZonBKceDDtOg7X6w1o7JeXOYVZMcta93JePyTZYYJ9oPRUNXNTPh50wOEVxmWVMz38+w2hUVUSvDWh+UUdSh9QmWMzUdJq5UZGLcHJKEjjnE+QzPBZvojOKhkdk+EKWvTpmEziM7u9XvuF0gybLhZ84HmzDMNu0dUpcIXYTHOF5XpKBjLxwl/+zHj5yrar3kxF3DoZVea6cJmlBXNNOm6YSJXqP2Y5y3ZZxJubqLbbWrvQd17NuhQ5vynELnNTYxe6hFUFLX0bTRO05NwTRQBz1YYNfO2umsxPvRsN0e5XoIWuIAutg0K7ZtyamFj4O23qq2JtkaTpS80znYKbG8Av2RUQ7V8MQBsopdX+mgicUdnFb4QK1q0Kn0vedDwVLE6Zhhm6ANKJ+BpYr9LFudbtqgif3VKTaKHaO6wVnkgCpRdmp1P6Ufl5iuskiRsDbInfbEOnmLJwlaUdQ6iAV9Set1ugQAy65vVavVg/UoiwQhBKim4IA0lYNlDhfxhb175Ljq1jqrrn1g1yb9To7TzunQObE5GioqUZzNJXYXD+hC35w/jGuK2PHR/asp3DsvSnVMNE7s7jSPC+MSGXDcjj4RQtpJm+asvsZMJ7T1qW1ic/aBjd1LdCkQAlwWZEpb0VnJEafUbVNffGp2r/W49eWE4cJULkPnSL9q0InilY0vNDG9XN3a2zmors7u62Xggo+O04pldfoldpcnt/b2tqqruzMG86yvFWbNBTL6QV3IAmob+WMnmyiWtQURbW7+2OkKMtta43T/pRKsicKmttiZSywXejyrUsiLhpUEnT6h1MsPK+ZEtbveFbPQYMjBkHFq653ZXD4xW+wwnUoxK/lcthY43aHxQidZ0iWvRhGb2/rrmvWGYV080Cux8Ughk1QIxyhKMtMobYui19YFgi+Wz84Xl5L0yKViJSeKzVUBpay1+6b7oeE2rokJk/lLQi2frwmSJLuNq2/6ZJ/hk83l9cmSbKvlazaRHDnS3OPhz63caFBKMd7WCqe65I4BHnFeqcTcti5Hth7Kx/otWXQuEM+K7VRpe3KPBx80GZE97cRqPdAtZs9NINwH8Yi7fZVaw5sXbfoaXsmKrbuGAQgy37kM4zmGUhiPyd4OJnC5RWKOWo4s1mNNddrkEKKgt3uZ8/OLZCNbk0XZw3tHBGHEy3vIh3ypizOnFCPkQJ+b9wr6gbVs41zFwAOAGOBKKVvf3s7VS5XGUu/3nswUKpH69vh2PUsOzFxUegwxxBBDDDHEEEMMMcQQQwwxxBBDDDHEEEP8sfH/7nOALYIeVO0AAAAASUVORK5CYII="
Kosovo,,,https://upload.wikimedia.org/wikipedia/commons/thumb/1/1f/Flag_of_Kosovo.svg/330px-Flag_of_Kosovo.svg.png
Hong Kong,,,https://upload.wikimedia.org/wikipedia/commons/thumb/5/5b/Flag_of_Hong_Kong.svg/330px-Flag_of_Hong_Kong.svg.png
Bermuda,,,https://upload.wikimedia.org/wikipedia/commons/thumb/b/bf/Flag_of_Bermuda.svg/330px-Flag_of_Bermuda.svg.png
Puerto Rico,,,https://upload.wikimedia.org/wikipedia/commons/thumb/2/28/Flag_of_Puerto_Rico.svg/330px-Flag_of_Puerto_Rico.svg.png
Ivory Coast,,,https://upload.wikimedia.org/wikipedia/commons/thumb/f/fe/Flag_of_C%C3%B4te_d%27Ivoire.svg/330px-Flag_of_C%C3%B4te_d%27Ivoire.svg.png
